source_id,source_name,target_id,target_name,relationship,confidence,score,decision,notes
naics:23,Construction,uc:Pr_30_31_76_16,Construction joint sealants,relatedTo,B,0.333,,
naics:23,Construction,uc:Pr_30_31_76_02,Acrylic construction joint sealants,relatedTo,C,0.25,,
naics:23,Construction,uc:Pr_30_31_76_62,Polysulfide construction joint sealants,relatedTo,C,0.25,,
naics:23,Construction,uc:Pr_30_31_76_77,Silicone construction joint sealants,relatedTo,C,0.25,,
naics:23,Construction,uc:Pr_30_31_76_09,Butyl rubber construction joint sealants,relatedTo,C,0.2,,
naics:23,Construction,uc:Pr_30_31_76_65,Polyurethane (PUR) construction joint sealants,relatedTo,C,0.2,,
naics:23,Construction,uc:Pr_35_90_31_28,Floor construction joint trims,relatedTo,C,0.2,,
naics:23,Construction,uc:Pr_35_90_15,Concrete construction joint accessories ,relatedTo,D,0.167,,
naics:23,Construction,uc:Pr_35_90_53_42,Insulated render system construction and movement joints,relatedTo,D,0.167,,
naics:236,Construction of Buildings,uc:Pr_20_65,Prefabricated buildings and structures,coordinates,C,0.25,,
naics:236,Construction of Buildings,uc:Pr_30_31_76_16,Construction joint sealants,coordinates,C,0.25,,
naics:236,Construction of Buildings,uc:Pr_30_31_76_02,Acrylic construction joint sealants,coordinates,C,0.2,,
naics:236,Construction of Buildings,uc:Pr_30_31_76_62,Polysulfide construction joint sealants,coordinates,C,0.2,,
naics:236,Construction of Buildings,uc:Pr_30_31_76_77,Silicone construction joint sealants,coordinates,C,0.2,,
naics:236,Construction of Buildings,uc:Pr_30_31_76_09,Butyl rubber construction joint sealants,coordinates,D,0.167,,
naics:236,Construction of Buildings,uc:Pr_30_31_76_65,Polyurethane (PUR) construction joint sealants,coordinates,D,0.167,,
naics:236,Construction of Buildings,uc:Pr_35_90_31_28,Floor construction joint trims,coordinates,D,0.167,,
naics:2361,Residential Building Construction,uc:Pr_40_30_04,Animal housing,coordinates,A,0.571,,
naics:2361,Residential Building Construction,uc:Pr_65_70_50_37,Home run cables,coordinates,A,0.5,,
naics:2361,Residential Building Construction,uc:Pr_65_67_29_96,Whole dwelling fan units,coordinates,B,0.444,,
naics:2361,Residential Building Construction,uc:Pr_40_30_75_38,Home and office safes,coordinates,B,0.364,,
naics:23611,Residential Building Construction,uc:Pr_40_30_04,Animal housing,coordinates,A,0.571,,
naics:23611,Residential Building Construction,uc:Pr_65_70_50_37,Home run cables,coordinates,A,0.5,,
naics:23611,Residential Building Construction,uc:Pr_65_67_29_96,Whole dwelling fan units,coordinates,B,0.444,,
naics:23611,Residential Building Construction,uc:Pr_40_30_75_38,Home and office safes,coordinates,B,0.364,,
naics:236115,New Single-Family Housing Construction (except For-Sale Builders),uc:Pr_40_30_04,Animal housing,coordinates,B,0.333,,
naics:236115,New Single-Family Housing Construction (except For-Sale Builders),uc:Pr_65_70_50_37,Home run cables,coordinates,B,0.308,,
naics:236115,New Single-Family Housing Construction (except For-Sale Builders),uc:Pr_65_67_29_96,Whole dwelling fan units,coordinates,C,0.286,,
naics:236115,New Single-Family Housing Construction (except For-Sale Builders),uc:Pr_40_30_75_38,Home and office safes,coordinates,C,0.25,,
naics:236116,New Multifamily Housing Construction (except For-Sale Builders),uc:Pr_40_30_04,Animal housing,coordinates,B,0.364,,
naics:236116,New Multifamily Housing Construction (except For-Sale Builders),uc:Pr_65_70_50_37,Home run cables,coordinates,B,0.333,,
naics:236116,New Multifamily Housing Construction (except For-Sale Builders),uc:Pr_65_67_29_96,Whole dwelling fan units,coordinates,B,0.308,,
naics:236116,New Multifamily Housing Construction (except For-Sale Builders),uc:Pr_40_30_75_38,Home and office safes,coordinates,C,0.267,,
naics:236117,New Housing For-Sale Builders,uc:Pr_40_30_04,Animal housing,coordinates,A,0.5,,
naics:236117,New Housing For-Sale Builders,uc:Pr_65_70_50_37,Home run cables,coordinates,B,0.444,,
naics:236117,New Housing For-Sale Builders,uc:Pr_65_67_29_96,Whole dwelling fan units,coordinates,B,0.4,,
naics:236117,New Housing For-Sale Builders,uc:Pr_40_30_75_38,Home and office safes,coordinates,B,0.333,,
naics:236118,Residential Remodelers,uc:Pr_40_30_04,Animal housing,coordinates,A,0.667,,
naics:236118,Residential Remodelers,uc:Pr_65_70_50_37,Home run cables,coordinates,A,0.571,,
naics:236118,Residential Remodelers,uc:Pr_65_67_29_96,Whole dwelling fan units,coordinates,A,0.5,,
naics:236118,Residential Remodelers,uc:Pr_40_30_75_38,Home and office safes,coordinates,B,0.4,,
naics:2362,Nonresidential Building Construction,uc:Pr_25_57_10_09,Building papers,coordinates,C,0.25,,
naics:2362,Nonresidential Building Construction,uc:Pr_30_31_76_16,Construction joint sealants,coordinates,C,0.2,,
naics:2362,Nonresidential Building Construction,uc:Pr_25_57_10_12,Cellulose based building papers,coordinates,D,0.167,,
naics:2362,Nonresidential Building Construction,uc:Pr_30_31_76_02,Acrylic construction joint sealants,coordinates,D,0.167,,
naics:2362,Nonresidential Building Construction,uc:Pr_30_31_76_62,Polysulfide construction joint sealants,coordinates,D,0.167,,
naics:2362,Nonresidential Building Construction,uc:Pr_30_31_76_77,Silicone construction joint sealants,coordinates,D,0.167,,
naics:23621,Industrial Building Construction,uc:Pr_40_70_99_42,Industrial scales,coordinates,A,0.571,,
naics:23621,Industrial Building Construction,uc:Pr_65_72_97_40,Industrial plugs,coordinates,A,0.571,,
naics:23621,Industrial Building Construction,uc:Pr_70_75_94_42,Industrial bells,coordinates,A,0.571,,
naics:23621,Industrial Building Construction,uc:Pr_35_31_64_29,Factory-mixed plasters,coordinates,A,0.5,,
naics:23621,Industrial Building Construction,uc:Pr_40_30_30_42,Industrial work benches,coordinates,A,0.5,,
naics:23621,Industrial Building Construction,uc:Pr_65_72_97_41,Industrial socket outlets,coordinates,A,0.5,,
naics:23621,Industrial Building Construction,uc:Pr_45_31_89_81,Soil amelioration industrial by-products,coordinates,B,0.444,,
naics:23621,Industrial Building Construction,uc:Pr_65_54_33_43,Industrial vacuum flow regulating valves,coordinates,B,0.4,,
naics:23621,Industrial Building Construction,uc:Pr_30_59_72_30,Factory-assembled insulating rooflights (FAIRs),coordinates,B,0.333,,
naics:236210,Industrial Building Construction,uc:Pr_40_70_99_42,Industrial scales,coordinates,A,0.571,,
naics:236210,Industrial Building Construction,uc:Pr_65_72_97_40,Industrial plugs,coordinates,A,0.571,,
naics:236210,Industrial Building Construction,uc:Pr_70_75_94_42,Industrial bells,coordinates,A,0.571,,
naics:236210,Industrial Building Construction,uc:Pr_35_31_64_29,Factory-mixed plasters,coordinates,A,0.5,,
naics:236210,Industrial Building Construction,uc:Pr_40_30_30_42,Industrial work benches,coordinates,A,0.5,,
naics:236210,Industrial Building Construction,uc:Pr_65_72_97_41,Industrial socket outlets,coordinates,A,0.5,,
naics:236210,Industrial Building Construction,uc:Pr_45_31_89_81,Soil amelioration industrial by-products,coordinates,B,0.444,,
naics:236210,Industrial Building Construction,uc:Pr_65_54_33_43,Industrial vacuum flow regulating valves,coordinates,B,0.4,,
naics:236210,Industrial Building Construction,uc:Pr_30_59_72_30,Factory-assembled insulating rooflights (FAIRs),coordinates,B,0.333,,
naics:23622,Commercial and Institutional Building Construction,uc:Pr_40_50_12_57,Office chairs,coordinates,A,0.5,,
naics:23622,Commercial and Institutional Building Construction,uc:Pr_40_50_21_59,Office desks,coordinates,A,0.5,,
naics:23622,Commercial and Institutional Building Construction,uc:Pr_40_50_21_60,Office tables,coordinates,A,0.5,,
naics:23622,Commercial and Institutional Building Construction,uc:Pr_40_70_58,Office equipment,coordinates,A,0.5,,
naics:23622,Commercial and Institutional Building Construction,uc:Pr_40_30_25_71,Retail display fittings,coordinates,B,0.444,,
naics:23622,Commercial and Institutional Building Construction,uc:Pr_40_30_78_71,Retail shelf units,coordinates,B,0.444,,
naics:23622,Commercial and Institutional Building Construction,uc:Pr_40_30_87_57,Office storage units,coordinates,B,0.444,,
naics:23622,Commercial and Institutional Building Construction,uc:Pr_40_30_87_72,Retail storage units,coordinates,B,0.444,,
naics:23622,Commercial and Institutional Building Construction,uc:Pr_40_70_17,Commercial cooking equipment,coordinates,B,0.444,,
naics:23622,Commercial and Institutional Building Construction,uc:Pr_40_70_17_16,Commercial conveyor toasters,coordinates,B,0.444,,
naics:236220,Commercial and Institutional Building Construction,uc:Pr_40_50_12_57,Office chairs,coordinates,A,0.5,,
naics:236220,Commercial and Institutional Building Construction,uc:Pr_40_50_21_59,Office desks,coordinates,A,0.5,,
naics:236220,Commercial and Institutional Building Construction,uc:Pr_40_50_21_60,Office tables,coordinates,A,0.5,,
naics:236220,Commercial and Institutional Building Construction,uc:Pr_40_70_58,Office equipment,coordinates,A,0.5,,
naics:236220,Commercial and Institutional Building Construction,uc:Pr_40_30_25_71,Retail display fittings,coordinates,B,0.444,,
naics:236220,Commercial and Institutional Building Construction,uc:Pr_40_30_78_71,Retail shelf units,coordinates,B,0.444,,
naics:236220,Commercial and Institutional Building Construction,uc:Pr_40_30_87_57,Office storage units,coordinates,B,0.444,,
naics:236220,Commercial and Institutional Building Construction,uc:Pr_40_30_87_72,Retail storage units,coordinates,B,0.444,,
naics:236220,Commercial and Institutional Building Construction,uc:Pr_40_70_17,Commercial cooking equipment,coordinates,B,0.444,,
naics:236220,Commercial and Institutional Building Construction,uc:Pr_40_70_17_16,Commercial conveyor toasters,coordinates,B,0.444,,
naics:237,Heavy and Civil Engineering Construction,uc:Pr_20_93_52_27,Engineering bricks,produces,C,0.2,,
naics:237,Heavy and Civil Engineering Construction,uc:Pr_20_29_57_37,Heavy hex nuts,produces,D,0.167,,
naics:237,Heavy and Civil Engineering Construction,uc:Pr_20_31_02_36,Heavy-duty pastes,produces,D,0.167,,
naics:237,Heavy and Civil Engineering Construction,uc:Pr_30_31_76_16,Construction joint sealants,produces,D,0.167,,
naics:237,Heavy and Civil Engineering Construction,uc:Pr_85,Process engineering products,produces,D,0.167,,
naics:2371,Utility System Construction,uc:Pr_35_90_53_42,Insulated render system construction and movement joints,produces,C,0.286,,
naics:2371,Utility System Construction,uc:Pr_30_31_76_16,Construction joint sealants,produces,C,0.2,,
naics:2371,Utility System Construction,uc:Pr_40_10_57_86,Surveillance system signs,produces,C,0.2,,
naics:2371,Utility System Construction,uc:Pr_40_50_12_94,Utility weight benches,produces,C,0.2,,
naics:2371,Utility System Construction,uc:Pr_70_75_88_83,Telecommunications system controllers,produces,C,0.2,,
naics:2371,Utility System Construction,uc:Pr_25_71_97_33,General and utility veneer plywoods,produces,D,0.167,,
naics:2371,Utility System Construction,uc:Pr_30_31_76_02,Acrylic construction joint sealants,produces,D,0.167,,
naics:2371,Utility System Construction,uc:Pr_30_31_76_62,Polysulfide construction joint sealants,produces,D,0.167,,
naics:2371,Utility System Construction,uc:Pr_30_31_76_77,Silicone construction joint sealants,produces,D,0.167,,
naics:2371,Utility System Construction,uc:Pr_40_10_57_43,Induction loop system signs,produces,D,0.167,,
naics:23711,Water and Sewer Line and Related Structures Construction,uc:Pr_20_29_14_24,Drainage pipe clips,produces,A,0.643,,
naics:23711,Water and Sewer Line and Related Structures Construction,uc:Pr_60_45_90,Wastewater and water mixer products,produces,A,0.6,,
naics:23711,Water and Sewer Line and Related Structures Construction,uc:Pr_65_53_96,Water supply and wastewater pumps,produces,A,0.6,,
naics:23711,Water and Sewer Line and Related Structures Construction,uc:Pr_65_54_94,Water supply and wastewater valves,produces,A,0.6,,
naics:23711,Water and Sewer Line and Related Structures Construction,uc:Pr_20_85_09_01,Above-ground drainage pipe brackets,produces,A,0.562,,
naics:23711,Water and Sewer Line and Related Structures Construction,uc:Pr_60_45_94,Wastewater screening and water abstraction products,produces,A,0.562,,
naics:23711,Water and Sewer Line and Related Structures Construction,uc:Pr_65_52_07_02,Adaptors for above-ground pipe connections to clay drainage pipelines,produces,B,0.474,,
naics:23711,Water and Sewer Line and Related Structures Construction,uc:Pr_65_52_07_03,Adaptors for above-ground pipe connections to plastics drainage pipelines,produces,B,0.474,,
naics:23711,Water and Sewer Line and Related Structures Construction,uc:Pr_40_30_61_97,Water play structures,produces,B,0.429,,
naics:23711,Water and Sewer Line and Related Structures Construction,uc:Pr_65_57_95_42,In-line water filters,produces,B,0.429,,
naics:237110,Water and Sewer Line and Related Structures Construction,uc:Pr_20_29_14_24,Drainage pipe clips,produces,A,0.643,,
naics:237110,Water and Sewer Line and Related Structures Construction,uc:Pr_60_45_90,Wastewater and water mixer products,produces,A,0.6,,
naics:237110,Water and Sewer Line and Related Structures Construction,uc:Pr_65_53_96,Water supply and wastewater pumps,produces,A,0.6,,
naics:237110,Water and Sewer Line and Related Structures Construction,uc:Pr_65_54_94,Water supply and wastewater valves,produces,A,0.6,,
naics:237110,Water and Sewer Line and Related Structures Construction,uc:Pr_20_85_09_01,Above-ground drainage pipe brackets,produces,A,0.562,,
naics:237110,Water and Sewer Line and Related Structures Construction,uc:Pr_60_45_94,Wastewater screening and water abstraction products,produces,A,0.562,,
naics:237110,Water and Sewer Line and Related Structures Construction,uc:Pr_65_52_07_02,Adaptors for above-ground pipe connections to clay drainage pipelines,produces,B,0.474,,
naics:237110,Water and Sewer Line and Related Structures Construction,uc:Pr_65_52_07_03,Adaptors for above-ground pipe connections to plastics drainage pipelines,produces,B,0.474,,
naics:237110,Water and Sewer Line and Related Structures Construction,uc:Pr_40_30_61_97,Water play structures,produces,B,0.429,,
naics:237110,Water and Sewer Line and Related Structures Construction,uc:Pr_65_57_95_42,In-line water filters,produces,B,0.429,,
naics:23713,Power and Communication Line and Related Structures Construction,uc:Pr_65_72_59,Overhead power supply line products,produces,B,0.417,,
naics:23713,Power and Communication Line and Related Structures Construction,uc:Pr_30_36_08_27,Electric locks,produces,B,0.4,,
naics:23713,Power and Communication Line and Related Structures Construction,uc:Pr_40_10_57_23,Electrical diagrams,produces,B,0.4,,
naics:23713,Power and Communication Line and Related Structures Construction,uc:Pr_40_50_13_26,Electric clocks,produces,B,0.4,,
naics:23713,Power and Communication Line and Related Structures Construction,uc:Pr_40_70_17_27,Electric ovens,produces,B,0.4,,
naics:23713,Power and Communication Line and Related Structures Construction,uc:Pr_40_70_24_26,Electric barbecues,produces,B,0.4,,
naics:23713,Power and Communication Line and Related Structures Construction,uc:Pr_40_70_35_27,Electric kilns,produces,B,0.4,,
naics:23713,Power and Communication Line and Related Structures Construction,uc:Pr_40_70_84_67,Power plates,produces,B,0.4,,
naics:23713,Power and Communication Line and Related Structures Construction,uc:Pr_60_60_08_27,Electric boilers,produces,B,0.4,,
naics:23713,Power and Communication Line and Related Structures Construction,uc:Pr_65_72_97,Wiring accessories,produces,B,0.4,,
naics:237130,Power and Communication Line and Related Structures Construction,uc:Pr_65_72_59,Overhead power supply line products,produces,B,0.417,,
naics:237130,Power and Communication Line and Related Structures Construction,uc:Pr_30_36_08_27,Electric locks,produces,B,0.4,,
naics:237130,Power and Communication Line and Related Structures Construction,uc:Pr_40_10_57_23,Electrical diagrams,produces,B,0.4,,
naics:237130,Power and Communication Line and Related Structures Construction,uc:Pr_40_50_13_26,Electric clocks,produces,B,0.4,,
naics:237130,Power and Communication Line and Related Structures Construction,uc:Pr_40_70_17_27,Electric ovens,produces,B,0.4,,
naics:237130,Power and Communication Line and Related Structures Construction,uc:Pr_40_70_24_26,Electric barbecues,produces,B,0.4,,
naics:237130,Power and Communication Line and Related Structures Construction,uc:Pr_40_70_35_27,Electric kilns,produces,B,0.4,,
naics:237130,Power and Communication Line and Related Structures Construction,uc:Pr_40_70_84_67,Power plates,produces,B,0.4,,
naics:237130,Power and Communication Line and Related Structures Construction,uc:Pr_60_60_08_27,Electric boilers,produces,B,0.4,,
naics:237130,Power and Communication Line and Related Structures Construction,uc:Pr_65_72_97,Wiring accessories,produces,B,0.4,,
naics:2373,"Highway, Street, and Bridge Construction",uc:Pr_25_30_86_60,Pavement extenders,produces,A,0.5,,
naics:2373,"Highway, Street, and Bridge Construction",uc:Pr_25_93_60,Paving units,produces,A,0.5,,
naics:2373,"Highway, Street, and Bridge Construction",uc:Pr_35_31_66_60,Paving primers,produces,A,0.5,,
naics:2373,"Highway, Street, and Bridge Construction",uc:Pr_40_10_77_85,Street signs,produces,A,0.5,,
naics:2373,"Highway, Street, and Bridge Construction",uc:Pr_40_30_53_73,Road mirrors,produces,A,0.5,,
naics:2373,"Highway, Street, and Bridge Construction",uc:Pr_20_31_01_39,Hydraulic road binders,produces,B,0.455,,
naics:2373,"Highway, Street, and Bridge Construction",uc:Pr_20_31_53_60,Paving jointing mortars,produces,B,0.455,,
naics:2373,"Highway, Street, and Bridge Construction",uc:Pr_20_85_47_22,Decking and paving pedestals,produces,B,0.455,,
naics:2373,"Highway, Street, and Bridge Construction",uc:Pr_25_93_60_10,Clay paving tiles,produces,B,0.455,,
naics:2373,"Highway, Street, and Bridge Construction",uc:Pr_25_93_70,Rail track paving,produces,B,0.455,,
naics:23731,"Highway, Street, and Bridge Construction",uc:Pr_25_30_86_60,Pavement extenders,produces,A,0.5,,
naics:23731,"Highway, Street, and Bridge Construction",uc:Pr_25_93_60,Paving units,produces,A,0.5,,
naics:23731,"Highway, Street, and Bridge Construction",uc:Pr_35_31_66_60,Paving primers,produces,A,0.5,,
naics:23731,"Highway, Street, and Bridge Construction",uc:Pr_40_10_77_85,Street signs,produces,A,0.5,,
naics:23731,"Highway, Street, and Bridge Construction",uc:Pr_40_30_53_73,Road mirrors,produces,A,0.5,,
naics:23731,"Highway, Street, and Bridge Construction",uc:Pr_20_31_01_39,Hydraulic road binders,produces,B,0.455,,
naics:23731,"Highway, Street, and Bridge Construction",uc:Pr_20_31_53_60,Paving jointing mortars,produces,B,0.455,,
naics:23731,"Highway, Street, and Bridge Construction",uc:Pr_20_85_47_22,Decking and paving pedestals,produces,B,0.455,,
naics:23731,"Highway, Street, and Bridge Construction",uc:Pr_25_93_60_10,Clay paving tiles,produces,B,0.455,,
naics:23731,"Highway, Street, and Bridge Construction",uc:Pr_25_93_70,Rail track paving,produces,B,0.455,,
naics:237310,"Highway, Street, and Bridge Construction",uc:Pr_25_30_86_60,Pavement extenders,produces,A,0.5,,
naics:237310,"Highway, Street, and Bridge Construction",uc:Pr_25_93_60,Paving units,produces,A,0.5,,
naics:237310,"Highway, Street, and Bridge Construction",uc:Pr_35_31_66_60,Paving primers,produces,A,0.5,,
naics:237310,"Highway, Street, and Bridge Construction",uc:Pr_40_10_77_85,Street signs,produces,A,0.5,,
naics:237310,"Highway, Street, and Bridge Construction",uc:Pr_40_30_53_73,Road mirrors,produces,A,0.5,,
naics:237310,"Highway, Street, and Bridge Construction",uc:Pr_20_31_01_39,Hydraulic road binders,produces,B,0.455,,
naics:237310,"Highway, Street, and Bridge Construction",uc:Pr_20_31_53_60,Paving jointing mortars,produces,B,0.455,,
naics:237310,"Highway, Street, and Bridge Construction",uc:Pr_20_85_47_22,Decking and paving pedestals,produces,B,0.455,,
naics:237310,"Highway, Street, and Bridge Construction",uc:Pr_25_93_60_10,Clay paving tiles,produces,B,0.455,,
naics:237310,"Highway, Street, and Bridge Construction",uc:Pr_25_93_70,Rail track paving,produces,B,0.455,,
naics:2379,Other Heavy and Civil Engineering Construction,uc:Pr_20_93_52_27,Engineering bricks,produces,D,0.167,,
naics:23799,Other Heavy and Civil Engineering Construction,uc:Pr_20_93_52_27,Engineering bricks,produces,D,0.167,,
naics:237990,Other Heavy and Civil Engineering Construction,uc:Pr_20_93_52_27,Engineering bricks,produces,D,0.167,,
naics:2381,"Foundation, Structure, and Building Exterior Contractors",uc:Pr_20_29_03_31,Framing anchors,uses,B,0.364,,
naics:2381,"Foundation, Structure, and Building Exterior Contractors",uc:Pr_20_29_03_32,Framing fasteners,uses,B,0.364,,
naics:2381,"Foundation, Structure, and Building Exterior Contractors",uc:Pr_20_29_03_86,Structural anchors,uses,B,0.364,,
naics:2381,"Foundation, Structure, and Building Exterior Contractors",uc:Pr_20_29_14_32,Frame cramps,uses,B,0.364,,
naics:2381,"Foundation, Structure, and Building Exterior Contractors",uc:Pr_20_85_85,Structural bearings,uses,B,0.364,,
naics:2381,"Foundation, Structure, and Building Exterior Contractors",uc:Pr_20_93_85,Structural units,uses,B,0.364,,
naics:2381,"Foundation, Structure, and Building Exterior Contractors",uc:Pr_20,Structure and general products,uses,B,0.333,,
naics:2381,"Foundation, Structure, and Building Exterior Contractors",uc:Pr_20_76_51_07,Aluminium structural sections,uses,B,0.333,,
naics:2381,"Foundation, Structure, and Building Exterior Contractors",uc:Pr_20_76_63_85,Structural plastics sections,uses,B,0.333,,
naics:2381,"Foundation, Structure, and Building Exterior Contractors",uc:Pr_20_76_78,Shaft structure products,uses,B,0.333,,
naics:23811,Poured Concrete Foundation and Structure Contractors,uc:Pr_20_93_85_16,Concrete structural insulated panels (SIPs),uses,B,0.467,,
naics:23811,Poured Concrete Foundation and Structure Contractors,uc:Pr_20_85_13_32,Concrete foundation pads,uses,B,0.462,,
naics:23811,Poured Concrete Foundation and Structure Contractors,uc:Pr_20_85_13,Concrete base and foundation products,uses,B,0.429,,
naics:23811,Poured Concrete Foundation and Structure Contractors,uc:Pr_20_29_03_31,Framing anchors,uses,B,0.308,,
naics:23811,Poured Concrete Foundation and Structure Contractors,uc:Pr_20_29_03_32,Framing fasteners,uses,B,0.308,,
naics:23811,Poured Concrete Foundation and Structure Contractors,uc:Pr_20_29_03_86,Structural anchors,uses,B,0.308,,
naics:23811,Poured Concrete Foundation and Structure Contractors,uc:Pr_20_29_14_32,Frame cramps,uses,B,0.308,,
naics:23811,Poured Concrete Foundation and Structure Contractors,uc:Pr_20_85_85,Structural bearings,uses,B,0.308,,
naics:23811,Poured Concrete Foundation and Structure Contractors,uc:Pr_20_93_85,Structural units,uses,B,0.308,,
naics:23811,Poured Concrete Foundation and Structure Contractors,uc:Pr_20,Structure and general products,uses,C,0.286,,
naics:238110,Poured Concrete Foundation and Structure Contractors,uc:Pr_20_93_85_16,Concrete structural insulated panels (SIPs),uses,B,0.467,,
naics:238110,Poured Concrete Foundation and Structure Contractors,uc:Pr_20_85_13_32,Concrete foundation pads,uses,B,0.462,,
naics:238110,Poured Concrete Foundation and Structure Contractors,uc:Pr_20_85_13,Concrete base and foundation products,uses,B,0.429,,
naics:238110,Poured Concrete Foundation and Structure Contractors,uc:Pr_20_29_03_31,Framing anchors,uses,B,0.308,,
naics:238110,Poured Concrete Foundation and Structure Contractors,uc:Pr_20_29_03_32,Framing fasteners,uses,B,0.308,,
naics:238110,Poured Concrete Foundation and Structure Contractors,uc:Pr_20_29_03_86,Structural anchors,uses,B,0.308,,
naics:238110,Poured Concrete Foundation and Structure Contractors,uc:Pr_20_29_14_32,Frame cramps,uses,B,0.308,,
naics:238110,Poured Concrete Foundation and Structure Contractors,uc:Pr_20_85_85,Structural bearings,uses,B,0.308,,
naics:238110,Poured Concrete Foundation and Structure Contractors,uc:Pr_20_93_85,Structural units,uses,B,0.308,,
naics:238110,Poured Concrete Foundation and Structure Contractors,uc:Pr_20,Structure and general products,uses,C,0.286,,
naics:23812,Structural Steel and Precast Concrete Contractors,uc:Pr_20_85_08_83,Stainless steel structural beams,uses,A,0.5,,
naics:23812,Structural Steel and Precast Concrete Contractors,uc:Pr_20_85_16_84,Stainless steel structural columns,uses,A,0.5,,
naics:23812,Structural Steel and Precast Concrete Contractors,uc:Pr_20_85_32_12,Carbon steel frame fasteners,uses,A,0.5,,
naics:23812,Structural Steel and Precast Concrete Contractors,uc:Pr_20_85_32_85,Stainless steel frame fasteners,uses,A,0.5,,
naics:23812,Structural Steel and Precast Concrete Contractors,uc:Pr_20_65_60_48,Light-gauge steel frame panels,uses,B,0.467,,
naics:23812,Structural Steel and Precast Concrete Contractors,uc:Pr_20_93_85_16,Concrete structural insulated panels (SIPs),uses,B,0.467,,
naics:23812,Structural Steel and Precast Concrete Contractors,uc:Pr_20_93_85_52,Metal structural insulated panels (SIPs),uses,B,0.467,,
naics:23812,Structural Steel and Precast Concrete Contractors,uc:Pr_20_85_09_16,Carbon steel masonry brackets,uses,B,0.429,,
naics:23812,Structural Steel and Precast Concrete Contractors,uc:Pr_20_85_09_87,Stainless steel masonry brackets,uses,B,0.429,,
naics:23812,Structural Steel and Precast Concrete Contractors,uc:Pr_20_85_16_16,Composite steel and concrete columns,uses,B,0.429,,
naics:238120,Structural Steel and Precast Concrete Contractors,uc:Pr_20_85_08_83,Stainless steel structural beams,uses,A,0.5,,
naics:238120,Structural Steel and Precast Concrete Contractors,uc:Pr_20_85_16_84,Stainless steel structural columns,uses,A,0.5,,
naics:238120,Structural Steel and Precast Concrete Contractors,uc:Pr_20_85_32_12,Carbon steel frame fasteners,uses,A,0.5,,
naics:238120,Structural Steel and Precast Concrete Contractors,uc:Pr_20_85_32_85,Stainless steel frame fasteners,uses,A,0.5,,
naics:238120,Structural Steel and Precast Concrete Contractors,uc:Pr_20_65_60_48,Light-gauge steel frame panels,uses,B,0.467,,
naics:238120,Structural Steel and Precast Concrete Contractors,uc:Pr_20_93_85_16,Concrete structural insulated panels (SIPs),uses,B,0.467,,
naics:238120,Structural Steel and Precast Concrete Contractors,uc:Pr_20_93_85_52,Metal structural insulated panels (SIPs),uses,B,0.467,,
naics:238120,Structural Steel and Precast Concrete Contractors,uc:Pr_20_85_09_16,Carbon steel masonry brackets,uses,B,0.429,,
naics:238120,Structural Steel and Precast Concrete Contractors,uc:Pr_20_85_09_87,Stainless steel masonry brackets,uses,B,0.429,,
naics:238120,Structural Steel and Precast Concrete Contractors,uc:Pr_20_85_16_16,Composite steel and concrete columns,uses,B,0.429,,
naics:23813,Framing Contractors,uc:Pr_20_29_03_31,Framing anchors,uses,A,0.667,,
naics:23813,Framing Contractors,uc:Pr_20_29_03_32,Framing fasteners,uses,A,0.667,,
naics:23813,Framing Contractors,uc:Pr_20_29_03_86,Structural anchors,uses,A,0.667,,
naics:23813,Framing Contractors,uc:Pr_20_29_14_32,Frame cramps,uses,A,0.667,,
naics:23813,Framing Contractors,uc:Pr_20_85_85,Structural bearings,uses,A,0.667,,
naics:23813,Framing Contractors,uc:Pr_20_93_85,Structural units,uses,A,0.667,,
naics:23813,Framing Contractors,uc:Pr_20,Structure and general products,uses,A,0.571,,
naics:23813,Framing Contractors,uc:Pr_20_76_51_07,Aluminium structural sections,uses,A,0.571,,
naics:23813,Framing Contractors,uc:Pr_20_76_63_85,Structural plastics sections,uses,A,0.571,,
naics:23813,Framing Contractors,uc:Pr_20_76_78,Shaft structure products,uses,A,0.571,,
naics:238130,Framing Contractors,uc:Pr_20_29_03_31,Framing anchors,uses,A,0.667,,
naics:238130,Framing Contractors,uc:Pr_20_29_03_32,Framing fasteners,uses,A,0.667,,
naics:238130,Framing Contractors,uc:Pr_20_29_03_86,Structural anchors,uses,A,0.667,,
naics:238130,Framing Contractors,uc:Pr_20_29_14_32,Frame cramps,uses,A,0.667,,
naics:238130,Framing Contractors,uc:Pr_20_85_85,Structural bearings,uses,A,0.667,,
naics:238130,Framing Contractors,uc:Pr_20_93_85,Structural units,uses,A,0.667,,
naics:238130,Framing Contractors,uc:Pr_20,Structure and general products,uses,A,0.571,,
naics:238130,Framing Contractors,uc:Pr_20_76_51_07,Aluminium structural sections,uses,A,0.571,,
naics:238130,Framing Contractors,uc:Pr_20_76_63_85,Structural plastics sections,uses,A,0.571,,
naics:238130,Framing Contractors,uc:Pr_20_76_78,Shaft structure products,uses,A,0.571,,
naics:23814,Masonry Contractors,uc:Pr_20_29_14_50,Masonry cramps,uses,A,0.6,,
naics:23814,Masonry Contractors,uc:Pr_20_29_23_50,Masonry dowels,uses,A,0.6,,
naics:23814,Masonry Contractors,uc:Pr_20_29_56_50,Masonry nails,uses,A,0.6,,
naics:23814,Masonry Contractors,uc:Pr_20_29_63_50,Masonry plugs,uses,A,0.6,,
naics:23814,Masonry Contractors,uc:Pr_20_31_12_50,Masonry cements,uses,A,0.6,,
naics:23814,Masonry Contractors,uc:Pr_20_31_16_21,Designated concrete,uses,A,0.6,,
naics:23814,Masonry Contractors,uc:Pr_20_31_16_22,Designed concrete,uses,A,0.6,,
naics:23814,Masonry Contractors,uc:Pr_20_31_16_31,Foamed concrete,uses,A,0.6,,
naics:23814,Masonry Contractors,uc:Pr_20_31_16_67,Prescribed concrete,uses,A,0.6,,
naics:23814,Masonry Contractors,uc:Pr_20_31_53_50,Masonry grout,uses,A,0.6,,
naics:238140,Masonry Contractors,uc:Pr_20_29_14_50,Masonry cramps,uses,A,0.6,,
naics:238140,Masonry Contractors,uc:Pr_20_29_23_50,Masonry dowels,uses,A,0.6,,
naics:238140,Masonry Contractors,uc:Pr_20_29_56_50,Masonry nails,uses,A,0.6,,
naics:238140,Masonry Contractors,uc:Pr_20_29_63_50,Masonry plugs,uses,A,0.6,,
naics:238140,Masonry Contractors,uc:Pr_20_31_12_50,Masonry cements,uses,A,0.6,,
naics:238140,Masonry Contractors,uc:Pr_20_31_16_21,Designated concrete,uses,A,0.6,,
naics:238140,Masonry Contractors,uc:Pr_20_31_16_22,Designed concrete,uses,A,0.6,,
naics:238140,Masonry Contractors,uc:Pr_20_31_16_31,Foamed concrete,uses,A,0.6,,
naics:238140,Masonry Contractors,uc:Pr_20_31_16_67,Prescribed concrete,uses,A,0.6,,
naics:238140,Masonry Contractors,uc:Pr_20_31_53_50,Masonry grout,uses,A,0.6,,
naics:23815,Glass and Glazing Contractors,uc:Pr_15_31_26_31,Glass bottles,uses,A,0.667,,
naics:23815,Glass and Glazing Contractors,uc:Pr_20_29_14_34,Glass-to-glass clips,uses,A,0.667,,
naics:23815,Glass and Glazing Contractors,uc:Pr_20_31_01_32,Glass fibres,uses,A,0.667,,
naics:23815,Glass and Glazing Contractors,uc:Pr_20_65_34,Glazed structures,uses,A,0.667,,
naics:23815,Glass and Glazing Contractors,uc:Pr_20_65_34_34,Glazed enclosures,uses,A,0.667,,
naics:23815,Glass and Glazing Contractors,uc:Pr_20_65_78_34,Glazed shelters,uses,A,0.667,,
naics:23815,Glass and Glazing Contractors,uc:Pr_20_93_33_34,Glass blocks,uses,A,0.667,,
naics:23815,Glass and Glazing Contractors,uc:Pr_25_71_33_03,Antique glass,uses,A,0.667,,
naics:23815,Glass and Glazing Contractors,uc:Pr_25_71_33_27,Electrochromic glass,uses,A,0.667,,
naics:23815,Glass and Glazing Contractors,uc:Pr_25_71_33_33,Glass beams,uses,A,0.667,,
naics:238150,Glass and Glazing Contractors,uc:Pr_15_31_26_31,Glass bottles,uses,A,0.667,,
naics:238150,Glass and Glazing Contractors,uc:Pr_20_29_14_34,Glass-to-glass clips,uses,A,0.667,,
naics:238150,Glass and Glazing Contractors,uc:Pr_20_31_01_32,Glass fibres,uses,A,0.667,,
naics:238150,Glass and Glazing Contractors,uc:Pr_20_65_34,Glazed structures,uses,A,0.667,,
naics:238150,Glass and Glazing Contractors,uc:Pr_20_65_34_34,Glazed enclosures,uses,A,0.667,,
naics:238150,Glass and Glazing Contractors,uc:Pr_20_65_78_34,Glazed shelters,uses,A,0.667,,
naics:238150,Glass and Glazing Contractors,uc:Pr_20_93_33_34,Glass blocks,uses,A,0.667,,
naics:238150,Glass and Glazing Contractors,uc:Pr_25_71_33_03,Antique glass,uses,A,0.667,,
naics:238150,Glass and Glazing Contractors,uc:Pr_25_71_33_27,Electrochromic glass,uses,A,0.667,,
naics:238150,Glass and Glazing Contractors,uc:Pr_25_71_33_33,Glass beams,uses,A,0.667,,
naics:23816,Roofing Contractors,uc:Pr_20_29_88_70,Roofing belts,uses,A,0.5,,
naics:23816,Roofing Contractors,uc:Pr_20_29_88_71,Roofing clamps,uses,A,0.5,,
naics:23816,Roofing Contractors,uc:Pr_20_29_88_74,Roofing straps,uses,A,0.5,,
naics:23816,Roofing Contractors,uc:Pr_20_29_88_75,Roofing swags,uses,A,0.5,,
naics:23816,Roofing Contractors,uc:Pr_20_65_34_72,Roof lanterns,uses,A,0.5,,
naics:23816,Roofing Contractors,uc:Pr_30_59_29_74,Roof terminals,uses,A,0.5,,
naics:23816,Roofing Contractors,uc:Pr_30_59_36_74,Roof hatches,uses,A,0.5,,
naics:23816,Roofing Contractors,uc:Pr_65_80_15_71,Roof trolleys,uses,A,0.5,,
naics:23816,Roofing Contractors,uc:Pr_20_29_56_83,Springhead roofing nails,uses,B,0.4,,
naics:23816,Roofing Contractors,uc:Pr_20_29_87,Thatch roofing fasteners,uses,B,0.4,,
naics:238160,Roofing Contractors,uc:Pr_20_29_88_70,Roofing belts,uses,A,0.5,,
naics:238160,Roofing Contractors,uc:Pr_20_29_88_71,Roofing clamps,uses,A,0.5,,
naics:238160,Roofing Contractors,uc:Pr_20_29_88_74,Roofing straps,uses,A,0.5,,
naics:238160,Roofing Contractors,uc:Pr_20_29_88_75,Roofing swags,uses,A,0.5,,
naics:238160,Roofing Contractors,uc:Pr_20_65_34_72,Roof lanterns,uses,A,0.5,,
naics:238160,Roofing Contractors,uc:Pr_30_59_29_74,Roof terminals,uses,A,0.5,,
naics:238160,Roofing Contractors,uc:Pr_30_59_36_74,Roof hatches,uses,A,0.5,,
naics:238160,Roofing Contractors,uc:Pr_65_80_15_71,Roof trolleys,uses,A,0.5,,
naics:238160,Roofing Contractors,uc:Pr_20_29_56_83,Springhead roofing nails,uses,B,0.4,,
naics:238160,Roofing Contractors,uc:Pr_20_29_87,Thatch roofing fasteners,uses,B,0.4,,
naics:23819,"Other Foundation, Structure, and Building Exterior Contractors",uc:Pr_20_29_03_31,Framing anchors,uses,B,0.333,,
naics:23819,"Other Foundation, Structure, and Building Exterior Contractors",uc:Pr_20_29_03_32,Framing fasteners,uses,B,0.333,,
naics:23819,"Other Foundation, Structure, and Building Exterior Contractors",uc:Pr_20_29_03_86,Structural anchors,uses,B,0.333,,
naics:23819,"Other Foundation, Structure, and Building Exterior Contractors",uc:Pr_20_29_14_32,Frame cramps,uses,B,0.333,,
naics:23819,"Other Foundation, Structure, and Building Exterior Contractors",uc:Pr_20_85_85,Structural bearings,uses,B,0.333,,
naics:23819,"Other Foundation, Structure, and Building Exterior Contractors",uc:Pr_20_93_85,Structural units,uses,B,0.333,,
naics:23819,"Other Foundation, Structure, and Building Exterior Contractors",uc:Pr_20,Structure and general products,uses,B,0.308,,
naics:23819,"Other Foundation, Structure, and Building Exterior Contractors",uc:Pr_20_76_51_07,Aluminium structural sections,uses,B,0.308,,
naics:23819,"Other Foundation, Structure, and Building Exterior Contractors",uc:Pr_20_76_63_85,Structural plastics sections,uses,B,0.308,,
naics:23819,"Other Foundation, Structure, and Building Exterior Contractors",uc:Pr_20_76_78,Shaft structure products,uses,B,0.308,,
naics:238190,"Other Foundation, Structure, and Building Exterior Contractors",uc:Pr_20_29_03_31,Framing anchors,uses,B,0.333,,
naics:238190,"Other Foundation, Structure, and Building Exterior Contractors",uc:Pr_20_29_03_32,Framing fasteners,uses,B,0.333,,
naics:238190,"Other Foundation, Structure, and Building Exterior Contractors",uc:Pr_20_29_03_86,Structural anchors,uses,B,0.333,,
naics:238190,"Other Foundation, Structure, and Building Exterior Contractors",uc:Pr_20_29_14_32,Frame cramps,uses,B,0.333,,
naics:238190,"Other Foundation, Structure, and Building Exterior Contractors",uc:Pr_20_85_85,Structural bearings,uses,B,0.333,,
naics:238190,"Other Foundation, Structure, and Building Exterior Contractors",uc:Pr_20_93_85,Structural units,uses,B,0.333,,
naics:238190,"Other Foundation, Structure, and Building Exterior Contractors",uc:Pr_20,Structure and general products,uses,B,0.308,,
naics:238190,"Other Foundation, Structure, and Building Exterior Contractors",uc:Pr_20_76_51_07,Aluminium structural sections,uses,B,0.308,,
naics:238190,"Other Foundation, Structure, and Building Exterior Contractors",uc:Pr_20_76_63_85,Structural plastics sections,uses,B,0.308,,
naics:238190,"Other Foundation, Structure, and Building Exterior Contractors",uc:Pr_20_76_78,Shaft structure products,uses,B,0.308,,
naics:2382,Building Equipment Contractors,uc:Pr_40_70,Equipment,uses,B,0.333,,
naics:2382,Building Equipment Contractors,uc:Pr_20_29_04_27,Equipment fasteners,uses,C,0.25,,
naics:2382,Building Equipment Contractors,uc:Pr_25_57_10_09,Building papers,uses,C,0.25,,
naics:2382,Building Equipment Contractors,uc:Pr_40_30_61,Play equipment,uses,C,0.25,,
naics:2382,Building Equipment Contractors,uc:Pr_40_50_83_06,Balancing equipment,uses,C,0.25,,
naics:2382,Building Equipment Contractors,uc:Pr_40_50_83_44,Jumping equipment,uses,C,0.25,,
naics:2382,Building Equipment Contractors,uc:Pr_40_70_13,Cleaning equipment,uses,C,0.25,,
naics:2382,Building Equipment Contractors,uc:Pr_40_70_50,Mail equipment,uses,C,0.25,,
naics:2382,Building Equipment Contractors,uc:Pr_40_70_51_84,Sterilization equipment,uses,C,0.25,,
naics:2382,Building Equipment Contractors,uc:Pr_40_70_63,Photographic equipment,uses,C,0.25,,
naics:23821,Electrical Contractors and Other Wiring Installation Contractors,uc:Pr_30_36_08_27,Electric locks,uses,A,0.5,,
naics:23821,Electrical Contractors and Other Wiring Installation Contractors,uc:Pr_40_10_57_23,Electrical diagrams,uses,A,0.5,,
naics:23821,Electrical Contractors and Other Wiring Installation Contractors,uc:Pr_40_50_13_26,Electric clocks,uses,A,0.5,,
naics:23821,Electrical Contractors and Other Wiring Installation Contractors,uc:Pr_40_70_17_27,Electric ovens,uses,A,0.5,,
naics:23821,Electrical Contractors and Other Wiring Installation Contractors,uc:Pr_40_70_24_26,Electric barbecues,uses,A,0.5,,
naics:23821,Electrical Contractors and Other Wiring Installation Contractors,uc:Pr_40_70_35_27,Electric kilns,uses,A,0.5,,
naics:23821,Electrical Contractors and Other Wiring Installation Contractors,uc:Pr_40_70_84_67,Power plates,uses,A,0.5,,
naics:23821,Electrical Contractors and Other Wiring Installation Contractors,uc:Pr_60_60_08_27,Electric boilers,uses,A,0.5,,
naics:23821,Electrical Contractors and Other Wiring Installation Contractors,uc:Pr_65_72_97,Wiring accessories,uses,A,0.5,,
naics:23821,Electrical Contractors and Other Wiring Installation Contractors,uc:Pr_70_75_94_27,Electric doorbells,uses,A,0.5,,
naics:238210,Electrical Contractors and Other Wiring Installation Contractors,uc:Pr_30_36_08_27,Electric locks,uses,A,0.5,,
naics:238210,Electrical Contractors and Other Wiring Installation Contractors,uc:Pr_40_10_57_23,Electrical diagrams,uses,A,0.5,,
naics:238210,Electrical Contractors and Other Wiring Installation Contractors,uc:Pr_40_50_13_26,Electric clocks,uses,A,0.5,,
naics:238210,Electrical Contractors and Other Wiring Installation Contractors,uc:Pr_40_70_17_27,Electric ovens,uses,A,0.5,,
naics:238210,Electrical Contractors and Other Wiring Installation Contractors,uc:Pr_40_70_24_26,Electric barbecues,uses,A,0.5,,
naics:238210,Electrical Contractors and Other Wiring Installation Contractors,uc:Pr_40_70_35_27,Electric kilns,uses,A,0.5,,
naics:238210,Electrical Contractors and Other Wiring Installation Contractors,uc:Pr_40_70_84_67,Power plates,uses,A,0.5,,
naics:238210,Electrical Contractors and Other Wiring Installation Contractors,uc:Pr_60_60_08_27,Electric boilers,uses,A,0.5,,
naics:238210,Electrical Contractors and Other Wiring Installation Contractors,uc:Pr_65_72_97,Wiring accessories,uses,A,0.5,,
naics:238210,Electrical Contractors and Other Wiring Installation Contractors,uc:Pr_70_75_94_27,Electric doorbells,uses,A,0.5,,
naics:23822,"Plumbing, Heating, and Air-Conditioning Contractors",uc:Pr_60_65_37_12,Chilled water cooling coils,uses,A,0.714,,
naics:23822,"Plumbing, Heating, and Air-Conditioning Contractors",uc:Pr_70_60_37_04,Air-to-water heat pumps,uses,A,0.714,,
naics:23822,"Plumbing, Heating, and Air-Conditioning Contractors",uc:Pr_70_60_37_96,Water-to-air heat pumps,uses,A,0.714,,
naics:23822,"Plumbing, Heating, and Air-Conditioning Contractors",uc:Pr_65_57_02_96,Water wash grease air filters,uses,A,0.667,,
naics:23822,"Plumbing, Heating, and Air-Conditioning Contractors",uc:Pr_60_65_37_47,Low-temperature hot water heating coils,uses,A,0.625,,
naics:23822,"Plumbing, Heating, and Air-Conditioning Contractors",uc:Pr_65_57_02_15,Cold water mist grease air filters,uses,A,0.625,,
naics:23822,"Plumbing, Heating, and Air-Conditioning Contractors",uc:Pr_70_60_36_49,Low-temperature hot water underfloor heating,uses,A,0.625,,
naics:23822,"Plumbing, Heating, and Air-Conditioning Contractors",uc:Pr_70_60_37_47,Low-temperature air-to-water heat pumps,uses,A,0.625,,
naics:23822,"Plumbing, Heating, and Air-Conditioning Contractors",uc:Pr_70_60_37_82,Single-split water-to-air heat pumps,uses,A,0.625,,
naics:23822,"Plumbing, Heating, and Air-Conditioning Contractors",uc:Pr_70_60_37_50,Medium or high-temperature air-to-water heat pumps,uses,A,0.588,,
naics:238220,"Plumbing, Heating, and Air-Conditioning Contractors",uc:Pr_60_65_37_12,Chilled water cooling coils,uses,A,0.714,,
naics:238220,"Plumbing, Heating, and Air-Conditioning Contractors",uc:Pr_70_60_37_04,Air-to-water heat pumps,uses,A,0.714,,
naics:238220,"Plumbing, Heating, and Air-Conditioning Contractors",uc:Pr_70_60_37_96,Water-to-air heat pumps,uses,A,0.714,,
naics:238220,"Plumbing, Heating, and Air-Conditioning Contractors",uc:Pr_65_57_02_96,Water wash grease air filters,uses,A,0.667,,
naics:238220,"Plumbing, Heating, and Air-Conditioning Contractors",uc:Pr_60_65_37_47,Low-temperature hot water heating coils,uses,A,0.625,,
naics:238220,"Plumbing, Heating, and Air-Conditioning Contractors",uc:Pr_65_57_02_15,Cold water mist grease air filters,uses,A,0.625,,
naics:238220,"Plumbing, Heating, and Air-Conditioning Contractors",uc:Pr_70_60_36_49,Low-temperature hot water underfloor heating,uses,A,0.625,,
naics:238220,"Plumbing, Heating, and Air-Conditioning Contractors",uc:Pr_70_60_37_47,Low-temperature air-to-water heat pumps,uses,A,0.625,,
naics:238220,"Plumbing, Heating, and Air-Conditioning Contractors",uc:Pr_70_60_37_82,Single-split water-to-air heat pumps,uses,A,0.625,,
naics:238220,"Plumbing, Heating, and Air-Conditioning Contractors",uc:Pr_70_60_37_50,Medium or high-temperature air-to-water heat pumps,uses,A,0.588,,
naics:23829,Other Building Equipment Contractors,uc:Pr_40_70,Equipment,uses,C,0.25,,
naics:23829,Other Building Equipment Contractors,uc:Pr_20_29_04_27,Equipment fasteners,uses,C,0.2,,
naics:23829,Other Building Equipment Contractors,uc:Pr_25_57_10_09,Building papers,uses,C,0.2,,
naics:23829,Other Building Equipment Contractors,uc:Pr_40_30_61,Play equipment,uses,C,0.2,,
naics:23829,Other Building Equipment Contractors,uc:Pr_40_50_83_06,Balancing equipment,uses,C,0.2,,
naics:23829,Other Building Equipment Contractors,uc:Pr_40_50_83_44,Jumping equipment,uses,C,0.2,,
naics:23829,Other Building Equipment Contractors,uc:Pr_40_70_13,Cleaning equipment,uses,C,0.2,,
naics:23829,Other Building Equipment Contractors,uc:Pr_40_70_50,Mail equipment,uses,C,0.2,,
naics:23829,Other Building Equipment Contractors,uc:Pr_40_70_51_84,Sterilization equipment,uses,C,0.2,,
naics:23829,Other Building Equipment Contractors,uc:Pr_40_70_63,Photographic equipment,uses,C,0.2,,
naics:238290,Other Building Equipment Contractors,uc:Pr_40_70,Equipment,uses,C,0.25,,
naics:238290,Other Building Equipment Contractors,uc:Pr_20_29_04_27,Equipment fasteners,uses,C,0.2,,
naics:238290,Other Building Equipment Contractors,uc:Pr_25_57_10_09,Building papers,uses,C,0.2,,
naics:238290,Other Building Equipment Contractors,uc:Pr_40_30_61,Play equipment,uses,C,0.2,,
naics:238290,Other Building Equipment Contractors,uc:Pr_40_50_83_06,Balancing equipment,uses,C,0.2,,
naics:238290,Other Building Equipment Contractors,uc:Pr_40_50_83_44,Jumping equipment,uses,C,0.2,,
naics:238290,Other Building Equipment Contractors,uc:Pr_40_70_13,Cleaning equipment,uses,C,0.2,,
naics:238290,Other Building Equipment Contractors,uc:Pr_40_70_50,Mail equipment,uses,C,0.2,,
naics:238290,Other Building Equipment Contractors,uc:Pr_40_70_51_84,Sterilization equipment,uses,C,0.2,,
naics:238290,Other Building Equipment Contractors,uc:Pr_40_70_63,Photographic equipment,uses,C,0.2,,
naics:2383,Building Finishing Contractors,uc:Pr_25_57_10_09,Building papers,uses,C,0.25,,
naics:2383,Building Finishing Contractors,uc:Pr_35_31_65_30,Finishing compounds,uses,C,0.25,,
naics:2383,Building Finishing Contractors,uc:Pr_20_29_60_20,Cup (finishing) washers,uses,C,0.2,,
naics:2383,Building Finishing Contractors,uc:Pr_25_71_22_15,Composite finishing battens,uses,C,0.2,,
naics:2383,Building Finishing Contractors,uc:Pr_25_71_22_64,Plastics finishing battens,uses,C,0.2,,
naics:2383,Building Finishing Contractors,uc:Pr_25_71_29_84,Stone finishing battens,uses,C,0.2,,
naics:2383,Building Finishing Contractors,uc:Pr_35,Covering and finishing products,uses,C,0.2,,
naics:2383,Building Finishing Contractors,uc:Pr_40_50_21_47,Laundry finishing tables,uses,C,0.2,,
naics:2383,Building Finishing Contractors,uc:Pr_40_50_21_50,Manicure finishing tables,uses,C,0.2,,
naics:2383,Building Finishing Contractors,uc:Pr_25_57_10_12,Cellulose based building papers,uses,D,0.167,,
naics:23831,Drywall and Insulation Contractors,uc:Pr_25_71_35_80,Sound insulation gypsum plasterboards,uses,A,0.7,,
naics:23831,Drywall and Insulation Contractors,uc:Pr_25_71_35_88,Thermal laminate gypsum plasterboards,uses,A,0.7,,
naics:23831,Drywall and Insulation Contractors,uc:Pr_25_71_35_81,Sound-insulating laminate gypsum plasterboards,uses,A,0.636,,
naics:23831,Drywall and Insulation Contractors,uc:Pr_20_31_35_35,Gypsum,uses,A,0.5,,
naics:23831,Drywall and Insulation Contractors,uc:Pr_20_29_76_65,Plasterboard screws,uses,B,0.444,,
naics:23831,Drywall and Insulation Contractors,uc:Pr_20_93_52_36,Gypsum blocks,uses,B,0.444,,
naics:23831,Drywall and Insulation Contractors,uc:Pr_25_71_35_06,Gypsum baseboards,uses,B,0.444,,
naics:23831,Drywall and Insulation Contractors,uc:Pr_25_71_35_61,Gypsum planks,uses,B,0.444,,
naics:23831,Drywall and Insulation Contractors,uc:Pr_25_71_35_63,Plasterboard panels,uses,B,0.444,,
naics:23831,Drywall and Insulation Contractors,uc:Pr_25_71_35_65,Gypsum plasterboards,uses,B,0.444,,
naics:238310,Drywall and Insulation Contractors,uc:Pr_25_71_35_80,Sound insulation gypsum plasterboards,uses,A,0.7,,
naics:238310,Drywall and Insulation Contractors,uc:Pr_25_71_35_88,Thermal laminate gypsum plasterboards,uses,A,0.7,,
naics:238310,Drywall and Insulation Contractors,uc:Pr_25_71_35_81,Sound-insulating laminate gypsum plasterboards,uses,A,0.636,,
naics:238310,Drywall and Insulation Contractors,uc:Pr_20_31_35_35,Gypsum,uses,A,0.5,,
naics:238310,Drywall and Insulation Contractors,uc:Pr_20_29_76_65,Plasterboard screws,uses,B,0.444,,
naics:238310,Drywall and Insulation Contractors,uc:Pr_20_93_52_36,Gypsum blocks,uses,B,0.444,,
naics:238310,Drywall and Insulation Contractors,uc:Pr_25_71_35_06,Gypsum baseboards,uses,B,0.444,,
naics:238310,Drywall and Insulation Contractors,uc:Pr_25_71_35_61,Gypsum planks,uses,B,0.444,,
naics:238310,Drywall and Insulation Contractors,uc:Pr_25_71_35_63,Plasterboard panels,uses,B,0.444,,
naics:238310,Drywall and Insulation Contractors,uc:Pr_25_71_35_65,Gypsum plasterboards,uses,B,0.444,,
naics:23832,Painting and Wall Covering Contractors,uc:Pr_35_31,Formless covering and finish products,uses,B,0.455,,
naics:23832,Painting and Wall Covering Contractors,uc:Pr_35_93,Unit covering and finish products,uses,B,0.455,,
naics:23832,Painting and Wall Covering Contractors,uc:Pr_15_31_04_60,Paint strippers,uses,B,0.4,,
naics:23832,Painting and Wall Covering Contractors,uc:Pr_35_31_64_32,Finish plasters,uses,B,0.4,,
naics:23832,Painting and Wall Covering Contractors,uc:Pr_35_31_66_55,Multicoloured finish basecoats,uses,B,0.364,,
naics:23832,Painting and Wall Covering Contractors,uc:Pr_35_31_66_65,Powder-coating primers,uses,B,0.364,,
naics:23832,Painting and Wall Covering Contractors,uc:Pr_35_31_66_71,Resin coating primers,uses,B,0.364,,
naics:23832,Painting and Wall Covering Contractors,uc:Pr_35_31_67_41,Insecticidal paint additives,uses,B,0.364,,
naics:23832,Painting and Wall Covering Contractors,uc:Pr_35_31_77_42,Intumescent coating sealers,uses,B,0.364,,
naics:23832,Painting and Wall Covering Contractors,uc:Pr_35_31_22_55,Multicoloured finish spatter coatings,uses,B,0.333,,
naics:238320,Painting and Wall Covering Contractors,uc:Pr_35_31,Formless covering and finish products,uses,B,0.455,,
naics:238320,Painting and Wall Covering Contractors,uc:Pr_35_93,Unit covering and finish products,uses,B,0.455,,
naics:238320,Painting and Wall Covering Contractors,uc:Pr_15_31_04_60,Paint strippers,uses,B,0.4,,
naics:238320,Painting and Wall Covering Contractors,uc:Pr_35_31_64_32,Finish plasters,uses,B,0.4,,
naics:238320,Painting and Wall Covering Contractors,uc:Pr_35_31_66_55,Multicoloured finish basecoats,uses,B,0.364,,
naics:238320,Painting and Wall Covering Contractors,uc:Pr_35_31_66_65,Powder-coating primers,uses,B,0.364,,
naics:238320,Painting and Wall Covering Contractors,uc:Pr_35_31_66_71,Resin coating primers,uses,B,0.364,,
naics:238320,Painting and Wall Covering Contractors,uc:Pr_35_31_67_41,Insecticidal paint additives,uses,B,0.364,,
naics:238320,Painting and Wall Covering Contractors,uc:Pr_35_31_77_42,Intumescent coating sealers,uses,B,0.364,,
naics:238320,Painting and Wall Covering Contractors,uc:Pr_35_31_22_55,Multicoloured finish spatter coatings,uses,B,0.333,,
naics:23833,Flooring Contractors,uc:Pr_20_29_14_31,Floor clips,uses,A,0.5,,
naics:23833,Flooring Contractors,uc:Pr_30_36_36_29,Floor springs,uses,A,0.5,,
naics:23833,Flooring Contractors,uc:Pr_30_59_36_30,Floor hatches,uses,A,0.5,,
naics:23833,Flooring Contractors,uc:Pr_35_31_06_31,Floor seals,uses,A,0.5,,
naics:23833,Flooring Contractors,uc:Pr_35_31_06_55,Multilayer flooring,uses,A,0.5,,
naics:23833,Flooring Contractors,uc:Pr_35_31_06_77,Screed flooring,uses,A,0.5,,
naics:23833,Flooring Contractors,uc:Pr_35_31_68_31,Floor dyes,uses,A,0.5,,
naics:23833,Flooring Contractors,uc:Pr_35_31_68_32,Floor polishes,uses,A,0.5,,
naics:23833,Flooring Contractors,uc:Pr_65_52_24_28,Floor channels,uses,A,0.5,,
naics:23833,Flooring Contractors,uc:Pr_65_52_24_31,Floor gullies,uses,A,0.5,,
naics:238330,Flooring Contractors,uc:Pr_20_29_14_31,Floor clips,uses,A,0.5,,
naics:238330,Flooring Contractors,uc:Pr_30_36_36_29,Floor springs,uses,A,0.5,,
naics:238330,Flooring Contractors,uc:Pr_30_59_36_30,Floor hatches,uses,A,0.5,,
naics:238330,Flooring Contractors,uc:Pr_35_31_06_31,Floor seals,uses,A,0.5,,
naics:238330,Flooring Contractors,uc:Pr_35_31_06_55,Multilayer flooring,uses,A,0.5,,
naics:238330,Flooring Contractors,uc:Pr_35_31_06_77,Screed flooring,uses,A,0.5,,
naics:238330,Flooring Contractors,uc:Pr_35_31_68_31,Floor dyes,uses,A,0.5,,
naics:238330,Flooring Contractors,uc:Pr_35_31_68_32,Floor polishes,uses,A,0.5,,
naics:238330,Flooring Contractors,uc:Pr_65_52_24_28,Floor channels,uses,A,0.5,,
naics:238330,Flooring Contractors,uc:Pr_65_52_24_31,Floor gullies,uses,A,0.5,,
naics:23834,Tile and Terrazzo Contractors,uc:Pr_35_93_96_89,Terrazzo tile skirtings,uses,A,0.667,,
naics:23834,Tile and Terrazzo Contractors,uc:Pr_20_31_02_89,Tile adhesives,uses,A,0.5,,
naics:23834,Tile and Terrazzo Contractors,uc:Pr_25_71_14_15,Ceramic panels,uses,A,0.5,,
naics:23834,Tile and Terrazzo Contractors,uc:Pr_25_93_72_11,Ceramic slates,uses,A,0.5,,
naics:23834,Tile and Terrazzo Contractors,uc:Pr_35_90_50_88,Tile creasings,uses,A,0.5,,
naics:23834,Tile and Terrazzo Contractors,uc:Pr_35_93_96_13,Ceramic tile borders,uses,A,0.5,,
naics:23834,Tile and Terrazzo Contractors,uc:Pr_35_93_96_19,Ceramic tiles,uses,A,0.5,,
naics:23834,Tile and Terrazzo Contractors,uc:Pr_35_93_96_87,Tile matting,uses,A,0.5,,
naics:23834,Tile and Terrazzo Contractors,uc:Pr_35_93_96_92,Tile spacers,uses,A,0.5,,
naics:23834,Tile and Terrazzo Contractors,uc:Pr_40_20_96_15,Ceramic sinks,uses,A,0.5,,
naics:238340,Tile and Terrazzo Contractors,uc:Pr_35_93_96_89,Terrazzo tile skirtings,uses,A,0.667,,
naics:238340,Tile and Terrazzo Contractors,uc:Pr_20_31_02_89,Tile adhesives,uses,A,0.5,,
naics:238340,Tile and Terrazzo Contractors,uc:Pr_25_71_14_15,Ceramic panels,uses,A,0.5,,
naics:238340,Tile and Terrazzo Contractors,uc:Pr_25_93_72_11,Ceramic slates,uses,A,0.5,,
naics:238340,Tile and Terrazzo Contractors,uc:Pr_35_90_50_88,Tile creasings,uses,A,0.5,,
naics:238340,Tile and Terrazzo Contractors,uc:Pr_35_93_96_13,Ceramic tile borders,uses,A,0.5,,
naics:238340,Tile and Terrazzo Contractors,uc:Pr_35_93_96_19,Ceramic tiles,uses,A,0.5,,
naics:238340,Tile and Terrazzo Contractors,uc:Pr_35_93_96_87,Tile matting,uses,A,0.5,,
naics:238340,Tile and Terrazzo Contractors,uc:Pr_35_93_96_92,Tile spacers,uses,A,0.5,,
naics:238340,Tile and Terrazzo Contractors,uc:Pr_40_20_96_15,Ceramic sinks,uses,A,0.5,,
naics:23835,Finish Carpentry Contractors,uc:Pr_15_31_04_60,Paint strippers,uses,A,0.571,,
naics:23835,Finish Carpentry Contractors,uc:Pr_35_31_64_32,Finish plasters,uses,A,0.571,,
naics:23835,Finish Carpentry Contractors,uc:Pr_35_31_66_55,Multicoloured finish basecoats,uses,A,0.5,,
naics:23835,Finish Carpentry Contractors,uc:Pr_35_31_66_65,Powder-coating primers,uses,A,0.5,,
naics:23835,Finish Carpentry Contractors,uc:Pr_35_31_66_71,Resin coating primers,uses,A,0.5,,
naics:23835,Finish Carpentry Contractors,uc:Pr_35_31_67_41,Insecticidal paint additives,uses,A,0.5,,
naics:23835,Finish Carpentry Contractors,uc:Pr_35_31_77_42,Intumescent coating sealers,uses,A,0.5,,
naics:23835,Finish Carpentry Contractors,uc:Pr_35_31,Formless covering and finish products,uses,B,0.444,,
naics:23835,Finish Carpentry Contractors,uc:Pr_35_31_22_55,Multicoloured finish spatter coatings,uses,B,0.444,,
naics:23835,Finish Carpentry Contractors,uc:Pr_35_31_68_55,Multicoloured finish glaze coats,uses,B,0.444,,
naics:238350,Finish Carpentry Contractors,uc:Pr_15_31_04_60,Paint strippers,uses,A,0.571,,
naics:238350,Finish Carpentry Contractors,uc:Pr_35_31_64_32,Finish plasters,uses,A,0.571,,
naics:238350,Finish Carpentry Contractors,uc:Pr_35_31_66_55,Multicoloured finish basecoats,uses,A,0.5,,
naics:238350,Finish Carpentry Contractors,uc:Pr_35_31_66_65,Powder-coating primers,uses,A,0.5,,
naics:238350,Finish Carpentry Contractors,uc:Pr_35_31_66_71,Resin coating primers,uses,A,0.5,,
naics:238350,Finish Carpentry Contractors,uc:Pr_35_31_67_41,Insecticidal paint additives,uses,A,0.5,,
naics:238350,Finish Carpentry Contractors,uc:Pr_35_31_77_42,Intumescent coating sealers,uses,A,0.5,,
naics:238350,Finish Carpentry Contractors,uc:Pr_35_31,Formless covering and finish products,uses,B,0.444,,
naics:238350,Finish Carpentry Contractors,uc:Pr_35_31_22_55,Multicoloured finish spatter coatings,uses,B,0.444,,
naics:238350,Finish Carpentry Contractors,uc:Pr_35_31_68_55,Multicoloured finish glaze coats,uses,B,0.444,,
naics:23839,Other Building Finishing Contractors,uc:Pr_25_57_10_09,Building papers,uses,C,0.2,,
naics:23839,Other Building Finishing Contractors,uc:Pr_35_31_65_30,Finishing compounds,uses,C,0.2,,
naics:23839,Other Building Finishing Contractors,uc:Pr_20_29_60_20,Cup (finishing) washers,uses,D,0.167,,
naics:23839,Other Building Finishing Contractors,uc:Pr_25_71_22_15,Composite finishing battens,uses,D,0.167,,
naics:23839,Other Building Finishing Contractors,uc:Pr_25_71_22_64,Plastics finishing battens,uses,D,0.167,,
naics:23839,Other Building Finishing Contractors,uc:Pr_25_71_29_84,Stone finishing battens,uses,D,0.167,,
naics:23839,Other Building Finishing Contractors,uc:Pr_35,Covering and finishing products,uses,D,0.167,,
naics:23839,Other Building Finishing Contractors,uc:Pr_40_50_21_47,Laundry finishing tables,uses,D,0.167,,
naics:23839,Other Building Finishing Contractors,uc:Pr_40_50_21_50,Manicure finishing tables,uses,D,0.167,,
naics:238390,Other Building Finishing Contractors,uc:Pr_25_57_10_09,Building papers,uses,C,0.2,,
naics:238390,Other Building Finishing Contractors,uc:Pr_35_31_65_30,Finishing compounds,uses,C,0.2,,
naics:238390,Other Building Finishing Contractors,uc:Pr_20_29_60_20,Cup (finishing) washers,uses,D,0.167,,
naics:238390,Other Building Finishing Contractors,uc:Pr_25_71_22_15,Composite finishing battens,uses,D,0.167,,
naics:238390,Other Building Finishing Contractors,uc:Pr_25_71_22_64,Plastics finishing battens,uses,D,0.167,,
naics:238390,Other Building Finishing Contractors,uc:Pr_25_71_29_84,Stone finishing battens,uses,D,0.167,,
naics:238390,Other Building Finishing Contractors,uc:Pr_35,Covering and finishing products,uses,D,0.167,,
naics:238390,Other Building Finishing Contractors,uc:Pr_40_50_21_47,Laundry finishing tables,uses,D,0.167,,
naics:238390,Other Building Finishing Contractors,uc:Pr_40_50_21_50,Manicure finishing tables,uses,D,0.167,,
naics:23891,Site Preparation Contractors,uc:Pr_40_30_30_32,Food preparation worktops,uses,C,0.2,,
naics:23891,Site Preparation Contractors,uc:Pr_40_50_21_32,Food preparation tables,uses,C,0.2,,
naics:23891,Site Preparation Contractors,uc:Pr_40_50_90_31,Food preparation trolleys,uses,C,0.2,,
naics:23891,Site Preparation Contractors,uc:Pr_40_70_65,Preparation catering equipment,uses,C,0.2,,
naics:23891,Site Preparation Contractors,uc:Pr_35_31_65,"Preparation materials, fillers and stoppers",uses,D,0.167,,
naics:238910,Site Preparation Contractors,uc:Pr_40_30_30_32,Food preparation worktops,uses,C,0.2,,
naics:238910,Site Preparation Contractors,uc:Pr_40_50_21_32,Food preparation tables,uses,C,0.2,,
naics:238910,Site Preparation Contractors,uc:Pr_40_50_90_31,Food preparation trolleys,uses,C,0.2,,
naics:238910,Site Preparation Contractors,uc:Pr_40_70_65,Preparation catering equipment,uses,C,0.2,,
naics:238910,Site Preparation Contractors,uc:Pr_35_31_65,"Preparation materials, fillers and stoppers",uses,D,0.167,,
